-- اضافه کردن داده‌های نمونه به جداول

-- اضافه کردن کاربران نمونه
INSERT INTO users (id, email, name, role) VALUES
('550e8400-e29b-41d4-a716-446655440001', 'investable1@example.com', 'پارک علم و فناوری دانشگاه تهران', 'investable'),
('550e8400-e29b-41d4-a716-446655440002', 'investable2@example.com', 'صندوق نوآوری و شکوفایی', 'investable'),
('550e8400-e29b-41d4-a716-446655440003', 'investor1@example.com', 'صندوق پژوهش و فناوری تهران', 'investor'),
('550e8400-e29b-41d4-a716-446655440004', 'investor2@example.com', 'شرکت سرمایه گذاری پارس', 'investor'),
('550e8400-e29b-41d4-a716-446655440005', 'investable3@example.com', 'شتاب‌دهنده آوا', 'investable');

-- اضافه کردن پروژه‌های نمونه
INSERT INTO projects (id, user_id, title, description, status, investment_amount, repayment_period, interest_rate, investment_type) VALUES
('660e8400-e29b-41d4-a716-446655440001', '550e8400-e29b-41d4-a716-446655440001', 'راهکارهای هوشمند ارتباط فردا', 'لورم ایپسوم متن ساختگی با تولید سادگی نامفهوم از صنعت چاپ، و با استفاده از طراحان گرافیک است، چاپگرها و متون بلکه روزنامه و مجله در ستون و سطرآنچنان که لازم است، و برای شرایط فعلی تکنولوژی مورد نیاز، و کاربردهای متنوع با هدف بهبود ابزارهای کاربردی می باشد.', 'accepted', 250000000, 18, 15.0, 'loan'),
('660e8400-e29b-41d4-a716-446655440002', '550e8400-e29b-41d4-a716-446655440002', 'پلتفرم هوش مصنوعی پیشرفته', 'لورم ایپسوم متن ساختگی با تولید سادگی نامفهوم از صنعت چاپ، و با استفاده از طراحان گرافیک است، چاپگرها و متون بلکه روزنامه و مجله در ستون و سطرآنچنان که لازم است، و برای شرایط فعلی تکنولوژی مورد نیاز، و کاربردهای متنوع با هدف بهبود ابزارهای کاربردی می باشد.', 'pending', 500000000, 24, 12.0, 'equity'),
('660e8400-e29b-41d4-a716-446655440003', '550e8400-e29b-41d4-a716-446655440001', 'سیستم مدیریت هوشمند', 'لورم ایپسوم متن ساختگی با تولید سادگی نامفهوم از صنعت چاپ، و با استفاده از طراحان گرافیک است، چاپگرها و متون بلکه روزنامه و مجله در ستون و سطرآنچنان که لازم است، و برای شرایط فعلی تکنولوژی مورد نیاز، و کاربردهای متنوع با هدف بهبود ابزارهای کاربردی می باشد.', 'under_review', 180000000, 12, 18.0, 'loan'),
('660e8400-e29b-41d4-a716-446655440004', '550e8400-e29b-41d4-a716-446655440005', 'اپلیکیشن موبایل نوآور', 'لورم ایپسوم متن ساختگی با تولید سادگی نامفهوم از صنعت چاپ، و با استفاده از طراحان گرافیک است، چاپگرها و متون بلکه روزنامه و مجله در ستون و سطرآنچنان که لازم است، و برای شرایط فعلی تکنولوژی مورد نیاز، و کاربردهای متنوع با هدف بهبود ابزارهای کاربردی می باشد.', 'accepted', 320000000, 20, 14.0, 'equity'),
('660e8400-e29b-41d4-a716-446655440005', '550e8400-e29b-41d4-a716-446655440002', 'پلتفرم تجارت الکترونیک', 'لورم ایپسوم متن ساختگی با تولید سادگی نامفهوم از صنعت چاپ، و با استفاده از طراحان گرافیک است، چاپگرها و متون بلکه روزنامه و مجله در ستون و سطرآنچنان که لازم است، و برای شرایط فعلی تکنولوژی مورد نیاز، و کاربردهای متنوع با هدف بهبود ابزارهای کاربردی می باشد.', 'rejected', 400000000, 30, 10.0, 'loan'),
('660e8400-e29b-41d4-a716-446655440006', '550e8400-e29b-41d4-a716-446655440001', 'سیستم امنیت سایبری', 'لورم ایپسوم متن ساختگی با تولید سادگی نامفهوم از صنعت چاپ، و با استفاده از طراحان گرافیک است، چاپگرها و متون بلکه روزنامه و مجله در ستون و سطرآنچنان که لازم است، و برای شرایط فعلی تکنولوژی مورد نیاز، و کاربردهای متنوع با هدف بهبود ابزارهای کاربردی می باشد.', 'under_investment', 600000000, 36, 8.0, 'equity');

-- اضافه کردن سرمایه‌گذاران نمونه
INSERT INTO investors (id, user_id, company_name, description, investment_criteria, funding_methods, min_investment, max_investment, avg_investment_time, investment_domains, contact_info) VALUES
('770e8400-e29b-41d4-a716-446655440001', '550e8400-e29b-41d4-a716-446655440003', 'صندوق پژوهش و فناوری تهران', 'لورم ایپسوم متن ساختگی با تولید سادگی نامفهوم از صنعت چاپ، و با استفاده از طراحان گرافیک است، چاپگرها و متون بلکه روزنامه و مجله در ستون و سطرآنچنان که لازم است، و برای شرایط فعلی تکنولوژی مورد نیاز، و کاربردهای متنوع با هدف بهبود ابزارهای کاربردی می باشد.', 'پروژه‌های فناوری و نوآوری', ARRAY['سرمایه‌گذاری مستقیم', 'وام', 'ضمانت‌نامه'], 200000000, 2000000000, '1 تا 2 ماه', ARRAY['مراقبت‌های بهداشتی', 'فناوری', 'هوش مصنوعی'], '{"phone": "021-1234567", "address": "تهران، میدان آرژانتین", "website": "www.sarmayegozari.com"}'),
('770e8400-e29b-41d4-a716-446655440002', '550e8400-e29b-41d4-a716-446655440004', 'شرکت سرمایه گذاری پارس', 'لورم ایپسوم متن ساختگی با تولید سادگی نامفهوم از صنعت چاپ، و با استفاده از طراحان گرافیک است، چاپگرها و متون بلکه روزنامه و مجله در ستون و سطرآنچنان که لازم است، و برای شرایط فعلی تکنولوژی مورد نیاز، و کاربردهای متنوع با هدف بهبود ابزارهای کاربردی می باشد.', 'پروژه‌های با پتانسیل رشد بالا', ARRAY['سرمایه‌گذاری مستقیم', 'وام'], 100000000, 1000000000, '2 تا 3 ماه', ARRAY['تجارت الکترونیک', 'موبایل', 'مدیریت'], '{"phone": "021-7654321", "address": "تهران، خیابان ولیعصر", "website": "www.pars-investment.com"}');

-- اضافه کردن درخواست‌های نمونه
INSERT INTO requests (id, from_user_id, to_user_id, project_id, type, status, message) VALUES
('880e8400-e29b-41d4-a716-446655440001', '550e8400-e29b-41d4-a716-446655440001', '550e8400-e29b-41d4-a716-446655440003', '660e8400-e29b-41d4-a716-446655440001', 'investment', 'pending', 'درخواست سرمایه‌گذاری برای پروژه راهکارهای هوشمند ارتباط فردا'),
('880e8400-e29b-41d4-a716-446655440002', '550e8400-e29b-41d4-a716-446655440002', '550e8400-e29b-41d4-a716-446655440004', '660e8400-e29b-41d4-a716-446655440002', 'pitch_session', 'accepted', 'درخواست جلسه پیچ برای پروژه پلتفرم هوش مصنوعی پیشرفته'),
('880e8400-e29b-41d4-a716-446655440003', '550e8400-e29b-41d4-a716-446655440005', '550e8400-e29b-41d4-a716-446655440003', '660e8400-e29b-41d4-a716-446655440004', 'document_access', 'pending', 'درخواست دسترسی به مستندات پروژه اپلیکیشن موبایل نوآور'),
('880e8400-e29b-41d4-a716-446655440004', '550e8400-e29b-41d4-a716-446655440001', '550e8400-e29b-41d4-a716-446655440004', '660e8400-e29b-41d4-a716-446655440003', 'investment', 'rejected', 'درخواست سرمایه‌گذاری برای پروژه سیستم مدیریت هوشمند'),
('880e8400-e29b-41d4-a716-446655440005', '550e8400-e29b-41d4-a716-446655440002', '550e8400-e29b-41d4-a716-446655440003', '660e8400-e29b-41d4-a716-446655440006', 'document_access', 'accepted', 'درخواست دسترسی به مستندات پروژه سیستم امنیت سایبری');
